{"train_loss": 0.41753047704696655, "_timestamp": 1705406175.5137243, "_runtime": 2633.6579093933105, "_step": 5}